<?xml version="1.0"?>
<!DOCTYPE cshlp SYSTEM "file:///D:/S60/devices/Fp2/S60_3rd_FP2_SDK_v1.1/epoc32/tools/cshlpcmp/dtd/cshlp.dtd">
<?xml:stylesheet href="file:///D:/S60/devices/Fp2/S60_3rd_FP2_SDK_v1.1/epoc32/tools/cshlpcmp/xsl/cshlp.xsl" title="cshlp" type="text/xsl"?>
<cshlp helpfileUID="3980843389">


<topic topicID="1" categoryUID="3980843389"><category>AppDemo</category><topictitle>General Information</topictitle>
<synonyms>General Information</synonyms>


<p font="sansserif" style="normal" size="10" color="foreground" justify="left" spacing="10" before="5" after="0" left="0" right="0">Insert your help here.</p>
<p font="sansserif" style="normal" size="10" color="foreground" justify="left" spacing="10" before="5" after="0" left="0" right="0"/>
</topic>
<uid value="3980843389"/>
<context contextUID="General_Information" topicID="1"/>
<indexlink topicID="1" indexID="0" categoryUID="3980843389">General Information</indexlink>
<index indexID="0">General Information</index>

<customization><titlestyle fontstyle="sansserif" size="10"/>
<listbullet1style bulletchar="8226"/>
<listbullet2style bulletchar="8226"/>
<lists leftindent="20"/>
<body font="sansserif" style="normal" size="10" color="foreground" justify="left" spacing="10" before="5" after="0" left="0" right="0"></body>
</customization>
<mbmlist/></cshlp>
